{"train_loss": [0.5898831141862304, 0.2533850446964879, 0.2005795861583158, 0.16878331022421666, 0.14670682226871318, 0.11980619563948125, 0.10196308576889454, 0.09733153066224141, 0.10205973140667499, 0.08810861701831098, 0.07535661346830629, 0.07473936331379845], "train_acc": [0.8104726598702502, 0.9193697868396663, 0.9360518999073216, 0.9481000926784059, 0.9494902687673772, 0.9629286376274329, 0.9657089898053753, 0.968952734012975, 0.9675625579240037, 0.9759036144578314, 0.9772937905468025, 0.9731232622798888], "test_loss": [0.28309485977051635, 0.23351651920161723, 0.18695064420080262, 0.19253618608267953, 0.20773372954004435, 0.14374045168120084, 0.1413035076351044, 0.15076286873573563, 0.13392723374745, 0.13603890122312234, 0.13181579344494807, 0.13612408704691217], "test_acc": [0.9095940959409594, 0.9261992619926199, 0.9464944649446494, 0.955719557195572, 0.9372693726937269, 0.9575645756457565, 0.9630996309963099, 0.9538745387453874, 0.955719557195572, 0.9575645756457565, 0.9612546125461254, 0.959409594095941]}